offset	type	field	source
0x0058	u32	precede	common
0x005c	u32	precede_extension	common
0x0060	f32	clatter_cont_value	common
0x0064	f32	bitten_motion_rate_frame	common
0x0068	f32	bitten_motion_rate	common
0x006c	f32	stick_button_threshold	common
0x0070	u32	stick_button_repeat_wait_frame	common
0x0074	u32	stick_button_repeat_cycle_frame	common
0x0078	u32	stick_button_repeat_wait_frame_for_1_5	common
0x007c	u32	stick_button_repeat_cycle_frame_for_1_5	common
0x0080	u32	stick_button_repeat_wait_frame_for_0_66	common
0x0084	u32	stick_button_repeat_cycle_frame_for_0_66	common
0x0088	u32	stick_button_repeat_wait_min_frame	common
0x008c	u32	stick_button_repeat_cycle_min_frame	common
0x0090	u32	stick_button_flick_frame	common
0x0094	f32	walk_stick_x	common
0x0098	f32	ground_speed_limit	common
0x009c	f32	stop_over_speed_brake_mul	common
0x00a0	f32	turn_stick_x	common
0x00a4	f32	turn_frame	common
0x00a8	f32	turn_speed_mul	common
0x00ac	f32	walk_motion_rate_max	common
0x00b0	f32	walk_brake_motion_rate	common
0x00b4	f32	walk_slow_motion_rate_mul	common
0x00b8	f32	walk_middle_fast_blend_weight_rate	common
0x00bc	f32	walk_fast_middle_blend_weight_rate	common
0x00c0	u32	dash_flick_x	common
0x00c4	f32	dash_stick_x	common
0x00c8	f32	dash_s4_frame	common
0x00cc	u32	dash_speed_keep_frame	common
0x00d0	f32	dash_escape_frame	common
0x00d4	u32	turn_dash_frame	common
0x00d8	u32	re_dash_frame	common
0x00dc	f32	dash_end_speed_mul	common
0x00e0	f32	run_stick_x	common
0x00e4	f32	run_motion_rate_max	common
0x00e8	f32	turn_run_stick_x	common
0x00ec	u32	turn_run_frame	common
0x00f0	u32	run_turn_cancel_start_frame	common
0x00f4	u32	run_turn_cancel_enable_frame	common
0x00f8	u32	turn_run_back_cancel_enable_frame	common
0x00fc	f32	turn_run_stop_brake_mul	common
0x0100	f32	run_brake_brake_mul	common
0x0104	u32	run_brake_attack_dash_frame	common
0x0108	f32	run_brake_stop_shake_speed	common
0x010c	f32	run_brake_stop_shake_scale	common
0x0110	f32	run_speed_ratio_min	common
0x0114	u32	unk_27173b8eb0	common
0x0118	u32	retry_turn_dash_frame	common
0x011c	u32	dash_enable_attack_frame	common
0x0120	f32	unk_206138766c	common
0x0124	f32	turn_run_back_brake	common
0x0128	f32	squat_stick_y	common
0x012c	f32	squat_damage_reaction_mul	common
0x0130	f32	squat_f_stick_x_min	common
0x0134	f32	squat_f_stick_x_max	common
0x0138	u32	jump_flick_y	common
0x013c	f32	jump_stick_y	common
0x0140	u32	jump_initial_frame	common
0x0144	f32	jump_neutral_y	common
0x0148	f32	jump_neutral_x	common
0x014c	f32	jump_speed_y_mul	common
0x0150	u32	jump_no_aerial_frame	common
0x0154	f32	jump_run_stick_y	common
0x0158	f32	air_speed_x_limit	common
0x015c	f32	air_speed_y_limit	common
0x0160	f32	fall_brake_x	common
0x0164	f32	fall_comp_mul	common
0x0168	f32	fall_neutral	common
0x016c	u32	dive_flick_frame_value	common
0x0170	f32	dive_cont_value	common
0x0174	f32	tread_jump_speed_dec	common
0x0178	f32	tread_jump_speed_limit	common
0x017c	u32	tread_attack_frame	common
0x0180	u32	tread_jump_after_xlu_frame	common
0x0184	u32	tread_jump_disable_frame	common
0x0188	u32	tread_jump_disable_frame_after_attack	common
0x018c	u32	jump_mini_button_frame	common
0x0190	f32	jostle_brake	common
0x0194	f32	jostle_pushed_brake	common
0x0198	f32	jostle_pushed_limit_speed	common
0x019c	f32	jostle_speed_attenuation_rate_min	common
0x01a0	f32	unk_24ac5df24f	common
0x01a4	f32	unk_24caf1aaf8	common
0x01a8	f32	jostle_speed_attenuation_rate_comp_rate	common
0x01ac	f32	unk_1e5d949000	common
0x01b0	f32	shield_max	common
0x01b4	f32	shield_scale_min	common
0x01b8	u32	shield_min_frame	common
0x01bc	f32	shield_dec1	common
0x01c0	f32	shield_recovery1	common
0x01c4	f32	shield_damage_mul	common
0x01c8	f32	shield_damage_add	common
0x01cc	f32	shield_setoff_add	common
0x01d0	f32	shield_setoff_mul	common
0x01d4	f32	shield_setoff_mul_fighter_shot	common
0x01d8	f32	shield_stiff_mul_attack_4	common
0x01dc	f32	shield_stiff_mul_attack_air	common
0x01e0	f32	shield_setoff_speed_mul	common
0x01e4	f32	shield_setoff_speed_max	common
0x01e8	f32	shield_rebound_speed_mul	common
0x01ec	f32	shield_rebound_speed_add	common
0x01f0	f32	shield_rebound_ground_brake	common
0x01f4	f32	shield_rebound_air_brake	common
0x01f8	f32	shield_ignore_capture_rate	common
0x01fc	u32	guard_off_cancel_frame	common
0x0200	u32	guard_off_enable_shield_frame	common
0x0204	u32	guard_off_disable_shield_recovery	common
0x0208	u32	shield_just_frame	common
0x020c	f32	unk_2cacbf2a63	common
0x0210	f32	just_shield_setoff_mul	common
0x0214	f32	just_shield_speed_rate	common
0x0218	u32	just_shield_precede_extension	common
0x021c	u32	continue_just_shield_count	common
0x0220	u32	furafura_stand_whole_hit_xlu_frame	common
0x0224	f32	shield_reset	common
0x0228	f32	shield_hop_angle	common
0x022c	f32	shield_comp_mul	common
0x0230	f32	shield_comp_reach_mul	common
0x0234	u32	shield_setoff_escape	common
0x0238	f32	unk_20d241cd64	common
0x023c	f32	unk_2434ca61df	common
0x0240	u32	guard_damage_just_shield_disable_frame	common
0x0244	f32	shield_stiff_frame_max	common
0x0248	u32	shield_break_xlu_frame	common
0x024c	u32	escape_flick_y	common
0x0250	f32	escape_stick_y	common
0x0254	u32	escape_fb_flick_x	common
0x0258	f32	escape_fb_stick_x	common
0x025c	u32	landing_frame_escape_air	common
0x0260	f32	escape_air_slide_stick	common
0x0264	f32	escape_air_slide_landing_speed_max	common
0x0268	u32	hit_stop_delay_flick	common
0x026c	f32	hit_stop_delay_stick	common
0x0270	f32	hit_stop_delay_flick_mul	common
0x0274	u32	hit_stop_delay_flick_frame	common
0x0278	u32	hit_stop_delay_flick_max_count	common
0x027c	u32	unk_256ea4745d	common
0x0280	f32	unk_2373146726	common
0x0284	u32	unk_29dae31932	common
0x0288	u32	unk_339a45c8eb	common
0x028c	f32	hit_stop_delay_auto_mul	common
0x0290	f32	hit_stop_delay_guard_mul	common
0x0294	f32	hit_stop_squat_mul	common
0x0298	u32	hit_stop_invalid_jostle_frame	common
0x029c	f32	attack_hit_slow_rate	common
0x02a0	f32	damage_reaction_mul_max	common
0x02a4	f32	damage_reaction_mul_max_damage	common
0x02a8	f32	damage_reaction_mul_min_damage	common
0x02ac	f32	damage_reaction_mul_min_ratio	common
0x02b0	f32	damage_reaction_mul_min_reaction	common
0x02b4	f32	damage_reaction_mul_max_reaction	common
0x02d0	f32	shield_pattern_power_mul	common
0x02d4	f32	attack_100_rebound_speed	common
0x02d8	f32	rebound_speed_no_cliff_stop	common
0x02dc	f32	attack_s3_stick_x	common
0x02e0	f32	attack_s3_stick_dir_hi	common
0x02e4	f32	attack_s3_stick_dir_lw	common
0x02e8	f32	attack_hi3_stick_y	common
0x02ec	f32	back_attack_hi3_stick_x	common
0x02f0	f32	attack_lw3_stick_y	common
0x02f4	f32	unk_1d2513544f	common
0x02f8	f32	attack_lw3_rebound_speed	common
0x02fc	u32	attack_lw3_rebound_frame	common
0x0300	f32	attack_s4_stick_dir_hi	common
0x0304	f32	attack_s4_stick_dir_lw	common
0x0308	u32	attack_hi4_flick_y	common
0x030c	f32	attack_hi4_stick_y	common
0x0310	u32	attack_lw4_flick_y	common
0x0314	f32	attack_lw4_stick_y	common
0x0318	f32	attack_air_neutral_x	common
0x031c	f32	attack_air_neutral_y	common
0x0320	f32	mini_jump_attack_mul	common
0x0324	u32	attack_jump_mini_attack_enable_frame	common
0x0328	u32	jump_mini_attack_enable_frame	common
0x032c	u32	landing_air_lasso_motion_rate	common
0x0330	u32	attack_air_lasso_enable_frame	common
0x0334	f32	unk_1ef72a672d	common
0x0338	u32	status_start_turn_frame	common
0x033c	f32	status_start_turn_stick_x	common
0x0340	f32	special_stick_x	common
0x0344	f32	special_stick_y	common
0x0348	u32	special_smash_flick_x	common
0x034c	u32	special_air_n_turn_frame	common
0x0350	u32	damage_drop_smash_ball	common
0x0354	u32	damage_drop_smash_ball_handicap	common
0x0358	f32	final_end_fall_speed_y	common
0x035c	f32	final_dash_check_degree	common
0x0360	u32	discretion_final_point_diff	common
0x0364	u32	unk_2937d404b4	common
0x0368	f32	discretion_final_rate	common
0x036c	f32	discretion_final_rate_add	common
0x0370	f32	discretion_final_rate_max	common
0x0374	u32	no_discretion_final_beat_count	common
0x0378	u32	final_air_flick_x	common
0x037c	f32	final_air_stick_x	common
0x0380	u32	final_air_turn_frame	common
0x0384	bool	special_command_life_max	common
0x0385	bool	special_command_ab_button_life	common
0x0388	f32	special_command_neutral_threshold	common
0x038c	bool	super_special_command_life_max	common
0x03a8	u32	catch_dash_frame	common
0x03ac	f32	catch_dash_brake_mul	common
0x03b0	u32	catch_turn_frame	common
0x03b4	u32	capture_cut_frame	common
0x03b8	f32	capture_cut_frame_damage	common
0x03bc	f32	capture_recovery	common
0x03c0	f32	capture_clatter_frame	common
0x03c4	f32	capture_cut_dist_x	common
0x03c8	f32	capture_cut_dist_y	common
0x03cc	f32	capture_cut_ground_speed	common
0x03d0	f32	capture_cut_brake_mul	common
0x03d4	u32	capture_cut_jump_button_count	common
0x03d8	f32	capture_cut_speed_x	common
0x03dc	f32	capture_cut_y	common
0x03e0	u32	catch_rebound_stop_frame	common
0x03e4	u32	catch_rebound_frame	common
0x03e8	f32	catch_rebound_speed_x	common
0x03ec	f32	catch_rebound_jump_speed_x	common
0x03f0	f32	catch_rebound_jump_y	common
0x03f4	u32	catch_rebound_jump_cancel_frame	common
0x03f8	u32	shield_setoff_catch_frame	common
0x03fc	u32	invalid_capture_frame	common
0x0400	f32	cliff_catch_cancel_stick_y	common
0x0404	u32	cliff_catch_move_frame	common
0x0408	u32	cliff_catch_time_quick	common
0x040c	f32	cliff_next_stick	common
0x0410	u32	cliff_no_catch_frame	common
0x0414	u32	damage_cliff_no_catch_frame	common
0x0418	u32	cliff_wait_air_xlu_max_frame	common
0x041c	u32	cliff_wait_air_xlu_max_air_frame	common
0x0420	u32	cliff_wait_damage_xlu_max_frame	common
0x0424	u32	cliff_wait_damage_xlu_max_damage	common
0x0428	u32	cliff_wait_xlu_min_frame	common
0x042c	f32	cliff_robbed_speed_x	common
0x0430	f32	cliff_robbed_speed_y	common
0x0434	u32	cliff_robbed_no_control_frame	common
0x0438	u32	cliff_release_disable_wall_jump_frame	common
0x043c	u32	air_lasso_catch_num	common
0x0440	u32	air_lasso_cliff_wait_frame	common
0x0444	f32	air_lasso_fall_hit_speed_diff	common
0x0448	u32	air_lasso_landing_frame	common
0x044c	u32	cliff_jump_disable_attack_frame	common
0x0450	f32	unk_2350989590	common
0x0454	f32	cliff_attack_ignore_boss_frame	common
0x0458	f32	cliff_climb_ignore_boss_frame	common
0x045c	f32	cliff_escape_ignore_boss_frame	common
0x0460	u32	cliff_max_count	common
0x0464	u32	unk_189f0b0c96	common
0x0468	u32	cliff_dive_flick_frame_value	common
0x046c	f32	cliff_dive_cont_value	common
0x04a0	u32	pass_flick_y	common
0x04a4	f32	pass_stick_y	common
0x04a8	f32	squat_pass_frame	common
0x04ac	f32	pass_to_ground_attack_frame	common
0x04b0	f32	pass_speed_y	common
0x04b4	f32	through_passable_ground_stick_y	common
0x04b8	u32	slip_wait_frame	common
0x04bc	f32	slip_damage_rate_max	common
0x04c0	f32	slip_damage_rate_min	common
0x04c4	u32	slip_damage_disable_frame	common
0x04c8	f32	down_frame	common
0x04cc	f32	stand_stick_y	common
0x04d0	f32	stand_fb_stick_x	common
0x04d4	u32	passive_trigger_frame	common
0x04d8	u32	no_rapid_frame_value	common
0x04dc	f32	passive_fb_cont_value	common
0x04e0	f32	passive_ground_damage_speed_mul	common
0x04e4	u32	passive_wall_stop_frame	common
0x04e8	u32	air_escape_passive_trigger_frame	common
0x04ec	f32	invalid_passive_speed	common
0x04f0	f32	stop_ceil_speed_x_mul	common
0x04f4	f32	stop_ceil_speed_y_mul	common
0x04f8	f32	stop_ceil_speed_x_stable_mul	common
0x04fc	f32	unk_158bb5418d	common
0x0500	u32	wall_jump_flick_x	common
0x0504	f32	wall_jump_stick_x	common
0x0508	u32	wall_jump_stop_frame	common
0x050c	f32	wall_jump_speed_dec	common
0x0510	f32	wall_jump_x_speed_dec	common
0x0514	u32	wall_jump_disable_cont_frame	common
0x0518	u32	wall_jump_disable_frame	common
0x051c	u32	wall_jump_interval_frame	common
0x0520	u32	attach_wall_frame	common
0x0524	f32	attach_wall_frame_mul	common
0x0528	f32	attach_wall_slant_max	common
0x052c	f32	attach_wall_slant_min	common
0x0530	f32	detach_wall_jump_x_mul	common
0x0534	u32	attach_wall_disable_frame	common
0x0538	u32	unk_2fd348dc85	common
0x053c	f32	unk_2e6937bde3	common
0x0540	f32	damage_ground_mul	common
0x0544	f32	damage_air_brake	common
0x0548	f32	damage_speed_composition_speed	common
0x054c	f32	damage_speed_composition_rate_max	common
0x0550	f32	damage_speed_composition_rate_min	common
0x0554	f32	damage_speed_no_cliff_stop	common
0x0558	f32	damage_speed_no_cliff_stop_guard	common
0x055c	f32	damage_speed_no_operation	common
0x0560	f32	damage_speed_landing	common
0x0564	f32	damage_speed_down	common
0x0568	u32	damage_down_damage_max_continue	common
0x056c	u32	unk_1e7a52eb8a	common
0x0570	f32	damage_fly_speed_y_mul_base_accel	common
0x0574	f32	damage_fly_speed_y_mul	common
0x0578	f32	damage_fly_correction_max	common
0x057c	f32	damage_fly_length_mul_max	common
0x0580	f32	damage_fly_length_mul_min	common
0x0584	u32	damage_pull_speed_intp_frame	common
0x0588	u32	back_damage_effective_frame	common
0x058c	f32	wall_damage_start_frame	common
0x0590	u32	damage_stop_motion_intp_frame	common
0x0594	u32	damage_air_stop_motion_intp_frame	common
0x0598	f32	unk_2f136d6218	common
0x059c	f32	unk_24417028a1	common
0x05a0	f32	unk_1ef2617d6a	common
0x05a4	f32	unk_255c556cd3	common
0x05a8	f32	damage_fix_gravity_accel	common
0x05ac	f32	damage_fix_gravity_speed_y_stable	common
0x05b0	u32	damage_fix_gravity_accel_frame	common
0x05b4	f32	damage_fly_attack_speed	common
0x05b8	u32	damage_fly_attack_frame	common
0x05bc	f32	damage_fly_escape_speed	common
0x05c0	u32	damage_fly_escape_frame	common
0x05c4	f32	damage_fly_reflect_speed	common
0x05c8	f32	damage_fly_reflect_speed_mul	common
0x05cc	f32	damage_fly_reflect_down_speed_mul	common
0x05d0	f32	damage_fly_reflect_down_speed_mul_damage	common
0x05d4	f32	damage_fly_reflect_d_speed	common
0x05d8	f32	damage_fly_reflect_d_speed_mul	common
0x05dc	f32	damage_fly_reflect_reaction_frame_mul	common
0x05e0	f32	damage_fly_reflect_stop_frame_rate	common
0x05e4	u32	damage_fly_reflect_stop_frame_min	common
0x05e8	u32	damage_fly_reflect_stop_frame_max	common
0x05ec	u32	wall_damage_motion_stop_start_frame	common
0x05f0	u32	damage_fly_reflect_xlu_frame	common
0x05f4	f32	damage_fly_reflect_check_frame	common
0x05f8	u32	damage_fly_reflect_disable_escape_frame	common
0x05fc	u32	damage_fly_reflect_max	common
0x0600	f32	damage_fly_coll_stop_slidable_length	common
0x0604	f32	unk_306edbf87b	common
0x0608	f32	dead_up_damage_speed	common
0x060c	f32	unk_29baab727b	common
0x0610	f32	dead_down_damage_speed	common
0x0614	u32	dead_rebirth_wait_frame	common
0x0618	u32	rebirth_move_frame	common
0x061c	u32	rebirth_move_frame_trainer	common
0x0620	u32	rebirth_move_frame_inkling	common
0x0624	u32	rebirth_wait_frame	common
0x0628	u32	rebirth_invincible_frame	common
0x062c	u32	unk_27768e17f0	common
0x0630	u32	rebirth_invincible_add_frame	common
0x0634	f32	loupe_damage_limit	common
0x0638	f32	loupe_damage	common
0x063c	u32	loupe_damage_interval	common
0x0640	f32	unk_26a11a0587	common
0x0644	f32	unk_25151f93e9	common
0x0648	f32	damage_knock_back_area_width_rate	common
0x064c	f32	damage_knock_back_hitstop_frame_rate	common
0x0650	f32	damage_knock_back_speed_x_rate	common
0x0654	f32	unk_1e6b5e39f0	common
0x0658	f32	unk_1a12ca7663	common
0x065c	f32	unk_2b4b8f1925	common
0x0660	f32	furafura_frame	common
0x0664	f32	furafura_recovery_frame	common
0x0668	f32	furafura_clatter_frame	common
0x066c	f32	damage_song_frame	common
0x0670	f32	damage_song_frame_bonus_reaction	common
0x0674	f32	damage_song_frame_bonus_damage	common
0x0678	f32	damage_song_frame_bonus_rank	common
0x067c	f32	damage_song_frame_bonus_handi	common
0x0680	f32	damage_song_recovery_frame	common
0x0684	f32	damage_song_clatter_frame	common
0x0688	f32	damage_song_fall_speed_limit	common
0x068c	f32	damage_sleep_fall_speed_y	common
0x0690	f32	damage_bind_frame	common
0x0694	f32	damage_bind_frame_bonus_reaction	common
0x0698	f32	damage_bind_frame_bonus_damage	common
0x069c	f32	damage_bind_frame_bonus_rank	common
0x06a0	f32	damage_bind_frame_bonus_handi	common
0x06a4	f32	damage_bind_recovery_frame	common
0x06a8	f32	damage_bind_clatter_frame	common
0x06ac	u32	invalid_bind_frame	common
0x06b0	f32	bury_frame	common
0x06b4	f32	bury_frame_bonus_reaction	common
0x06b8	f32	bury_frame_bonus_damage	common
0x06bc	f32	bury_frame_bonus_rank	common
0x06c0	f32	bury_frame_bonus_handi	common
0x06c4	f32	bury_recovery	common
0x06c8	f32	bury_clatter_frame	common
0x06cc	f32	bury_damage_reaction_sub	common
0x06d0	f32	bury_jump_y_speed_mul	common
0x06d4	f32	bury_jump_no_attack_frame_value	common
0x06d8	u32	bury_invalid_frame	common
0x06dc	u32	bury_down_frame	common
0x06e0	u32	bury_physics_invalid_frame	common
0x06e4	f32	damage_ice_frame_mul	common
0x06e8	f32	damage_ice_frame_damage_mul	common
0x06ec	f32	ice_damage_continue_frame_mul	common
0x06f0	u32	ice_damage_continue_max	common
0x06f4	f32	damage_ice_frame_max	common
0x06f8	f32	damage_ice_frame_recovery	common
0x06fc	f32	damage_ice_frame_recovery_clatter	common
0x0700	f32	damage_ice_frame_recovery_damage	common
0x0704	f32	damage_ice_damage_dec_mul	common
0x0708	f32	damage_ice_damage_reaction_dec_mul	common
0x070c	f32	damage_ice_damage_air_brake	common
0x0710	f32	damage_ice_fall_y_mul	common
0x0714	f32	add_ice_damage_mul	common
0x0718	f32	ice_damage_max	common
0x071c	u32	ice_damage_reset_frame	common
0x0720	u32	damage_ice_jump_stiff_frame	common
0x0724	u32	damage_ice_invalid_frame	common
0x0728	f32	damage_ice_reflect_speed_mul	common
0x072c	f32	damage_ice_reflect_break_speed	common
0x0730	f32	damage_ice_rot_speed_min	common
0x0734	f32	damage_ice_rot_speed_max	common
0x0738	f32	damage_ice_effect_radius	common
0x073c	u32	damage_turn_reverse_cont_frame	common
0x0740	f32	unk_26a5243ff4	common
0x0744	f32	unk_20a50442e7	common
0x0748	f32	unk_223d4a2992	common
0x074c	f32	unk_2747b09dbf	common
0x0750	f32	shouldered_frame_add	common
0x0754	f32	shouldered_frame_mul	common
0x0758	f32	unk_188226f196	common
0x075c	f32	unk_1c1d4e67b6	common
0x0760	f32	kirby_swallowed_offset_x	common
0x0764	f32	kirby_swallowed_offset_y	common
0x0768	f32	kirby_swallowed_speed_x	common
0x076c	f32	kirby_swallowed_speed_y	common
0x0770	f32	kirby_swallowed_comp_dist	common
0x0774	f32	kirby_swallowedthrown_clatter_recover	common
0x0778	f32	kirby_swallowedthrown_copy_star_frame	common
0x077c	f32	kirby_swallowedescape_speed_x	common
0x0780	f32	kirby_swallowedescape_speed_y	common
0x0784	f32	kirby_swallowedthrown_frame	common
0x0788	f32	damage_fly_ind_speed_max	common
0x078c	f32	damage_fly_ind_speed_min	common
0x0790	f32	damage_fly_ind_speed_succeed_mul	common
0x0794	f32	damage_fly_ind_weight_mul	common
0x0798	f32	marth_shield_breaker_damage_mul	common
0x079c	u32	ganon_special_s_reaction_frame	common
0x07a0	f32	ganon_special_s_fall_speed	common
0x07a4	f32	ganon_special_s_fall_hold_frame	common
0x07a8	f32	ganon_special_s_fall_clatter_frame	common
0x07ac	f32	ganon_special_s_fall_clatter_add_frame	common
0x07b0	f32	ganon_special_s_fall_clatter_add_frame_up_limit	common
0x07b4	f32	ganon_special_s_fall_clatter_add_frame_down_limit	common
0x07b8	f32	ganon_special_s_cut_speed_x	common
0x07bc	f32	ganon_special_s_cut_brake_x	common
0x07c0	f32	ganon_special_s_cut_speed_y	common
0x07c4	f32	ganon_special_s_cut_accel_y	common
0x07c8	u32	ganon_special_s_cut_cancel_frame	common
0x07cc	u32	ganon_special_s_passive_trigger_frame	common
0x07d0	f32	unk_2926d3af20	common
0x07d4	f32	mewtwo_thrown_reaction_frame_mul	common
0x07d8	u32	mewtwo_thrown_reaction_frame_max	common
0x07dc	f32	damage_bind_extra_frame	common
0x07e0	f32	damage_bind_extra_frame_bonus_reaction	common
0x07e4	f32	damage_bind_extra_frame_bonus_damage	common
0x07e8	f32	damage_bind_extra_frame_bonus_rank	common
0x07ec	f32	damage_bind_extra_frame_bonus_handi	common
0x07f0	f32	damage_bind_extra_recovery_frame	common
0x07f4	f32	damage_bind_extra_clatter_frame	common
0x07f8	f32	unk_254ef48ec6	common
0x07fc	f32	gamewatch_stock_icon_scale_max	common
0x0800	f32	unk_2572f9b19f	common
0x0804	f32	gamewatch_stock_icon_scale_min	common
0x0808	f32	bitten_frame	common
0x080c	f32	bitten_frame_extend_damage_mul	common
0x0810	f32	bitten_clatter_frame	common
0x0814	f32	laydown_no_action_frame	common
0x0818	f32	laydown_no_action_frame_max	common
0x081c	f32	laydown_damage_max	common
0x0820	f32	ike_final_damage_fly_speed	common
0x0824	f32	ike_final_offset_y	common
0x0828	f32	diddy_clung_frame	common
0x082c	f32	diddy_clung_damage_mul	common
0x0830	f32	diddy_clung_handicap_frame	common
0x0834	f32	diddy_clung_air_mul	common
0x0838	f32	diddy_clung_clatter_frame	common
0x083c	f32	dedede_swallowed_offset_x	common
0x0840	f32	dedede_swallowed_offset_y	common
0x0844	f32	dedede_swallowed_speed_x	common
0x0848	f32	dedede_swallowed_speed_y	common
0x084c	f32	dedede_swallowed_comp_dist	common
0x0850	f32	dedede_swallowedthrown_clatter_recover	common
0x0854	f32	unk_271637cd82	common
0x0858	f32	unk_289f33225f	common
0x085c	f32	unk_28e83412c9	common
0x0860	f32	unk_2ac7b91111	common
0x0864	f32	dedede_swallowedescape_speed_x	common
0x0868	f32	dedede_swallowedescape_speed_y	common
0x086c	f32	dedede_swallowedthrown_frame	common
0x0870	f32	dedede_swallowedthrown_clatter_frame	common
0x0874	f32	unk_25e72e042c	common
0x0878	f32	unk_216fd7d6e2	common
0x087c	f32	palutena_final_blackhole_motion_rate	common
0x0880	f32	lisire_frame	common
0x0884	f32	lisire_clatter_frame	common
0x0888	f32	lisire_clatter_invalid_damage	common
0x088c	f32	lisire_capture_cut_speed_x	common
0x0890	f32	lisire_capture_cut_speed_y	common
0x0894	f32	saving_damage_start_frame	common
0x0898	f32	saving_damage_base_frame	common
0x089c	f32	saving_damage_frame_lv2	common
0x08a0	f32	saving_damage_frame_lv3	common
0x08a4	f32	saving_damage_air_frame_lv2	common
0x08a8	f32	saving_damage_air_frame_lv3	common
0x08ac	u32	pierce_cut_frame	common
0x08b0	f32	pierce_cut_frame_damage	common
0x08b4	f32	pierce_recovery	common
0x08b8	f32	pierce_clatter_frame	common
0x08bc	f32	pierce_motion_rate	common
0x08c0	f32	rollerink_max_speed_x_mul	common
0x08c4	f32	rollerink_friction	common
0x08c8	u32	ridley_s_interpolate_frame	common
0x08cc	u32	ridley_s_base_frame	common
0x08d0	f32	ridley_s_damage_frame_mul	common
0x08d4	u32	ridley_s_max_frame	common
0x08d8	u32	ridley_s_min_frame	common
0x08dc	u32	ridley_s_recovery_frame	common
0x08e0	u32	ridley_s_clatter_frame	common
0x08e4	f32	ridley_s_dead_hop_y	common
0x08e8	f32	ridley_s_capture_cut_speed_mul	common
0x08ec	f32	stabbed_damage_start_frame	common
0x08f0	f32	stabbed_damage_base_frame	common
0x08f4	f32	stabbed_damage_frame	common
0x08f8	u32	stabbed_damage_comp_frame	common
0x08fc	f32	krool_swallowed_offset_x	common
0x0900	f32	krool_swallowed_offset_y	common
0x0904	f32	krool_swallowed_speed_x	common
0x0908	f32	krool_swallowed_speed_y	common
0x090c	f32	krool_swallowed_comp_dist	common
0x0910	f32	capture_fishingrod_cut_dist_x	common
0x0914	f32	capture_fishingrod_cut_dist_y	common
0x0918	u32	jack_final_finish_stop_frame	common
0x091c	u32	jack_final_effect_frame	common
0x0920	u32	jack_final_disable_color_blend_frame	common
0x0924	f32	jack_final_motion_rate	common
0x0928	f32	buddy_final_target_motion_rate	common
0x092c	f32	unk_29a409f389	common
0x0930	f32	buddy_final_target_scale_scene02	common
0x0934	f32	buddy_final_target_scale_scene04	common
0x0938	f32	dolly_super_special2_capture_cut_dist_x	common
0x093c	f32	dolly_super_special2_capture_cut_dist_y	common
0x0940	f32	dolly_final_motion_rate	common
0x0944	f32	master_final_target_motion_rate_scene03	common
0x0948	u32	cloud_final2_move_frame	common
0x094c	f32	demon_fist_down2_start_frame	common
0x0950	f32	demon_fist_down2_base_frame	common
0x0954	f32	demon_fist_down2_frame	common
0x0958	f32	demon_fist_down3_start_frame	common
0x095c	f32	demon_fist_down3_base_frame	common
0x0960	f32	demon_fist_down3_frame	common
0x0964	u32	demon_lw_interpolate_frame	common
0x0968	f32	unk_1c6b1d2d15	common
0x096c	u32	unk_1a99c94c70	common
0x0970	u32	ground_damage_disable_frame	common
0x0974	f32	ground_speed_inherit_limit	common
0x0978	f32	wind_air_brake	common
0x097c	f32	damage_fly_cloud_through_speed	common
0x0980	f32	damage_fly_cloud_through_out_speed_mul	common
0x0984	f32	ladder_stick_y	common
0x0988	u32	ladder_cancel_frame	common
0x098c	u32	no_ladder_frame	common
0x0990	f32	ladder_speed_u_max	common
0x0994	f32	ladder_speed_d_max	common
0x0998	f32	ladder_attack_speed_mul	common
0x099c	f32	ladder_jump_y_mul	common
0x09a0	u32	ladder_break_stick_frame	common
0x09a4	f32	ladder_break_stick_x	common
0x09a8	u32	unk_21cccfef4d	common
0x09ac	f32	swim_dive_speed_x_mul	common
0x09b0	f32	swim_dive_speed_y_mul	common
0x09b4	f32	swim_rise_accel_y	common
0x09b8	f32	swim_rise_stable_speed_y	common
0x09bc	f32	swim_accel_mul	common
0x09c0	f32	swim_speed_mul	common
0x09c4	f32	swim_brake	common
0x09c8	u32	swim_jump_charge_frame	common
0x09cc	f32	swim_jump_charge_accel_y	common
0x09d0	f32	swim_jump_speed_y_mul	common
0x09d4	u32	swim_jump_speed_y_dec_count	common
0x09d8	u32	swim_effect_interval_frame	common
0x09dc	u32	swim_drown_frame	common
0x09e0	f32	swim_drown_frame_dec_damage_rate	common
0x09e4	f32	swim_drown_speed_x_mul	common
0x09e8	u32	swim_drown_out_frame	common
0x09ec	f32	swim_drown_out_accel_y_mul	common
0x09f0	u32	swim_drown_effect_interval_frame	common
0x09f4	u32	fish_capture_cut_frame	common
0x09f8	f32	fish_capture_cut_frame_damage	common
0x09fc	f32	fish_capture_recovery	common
0x0a00	f32	fish_capture_clatter_frame	common
0x0a04	f32	fish_capture_motion_rate	common
0x0a08	u32	drum_cut_frame	common
0x0a0c	f32	drum_cut_frame_damage	common
0x0a10	f32	drum_recovery	common
0x0a14	f32	drum_clatter_frame	common
0x0a18	f32	tornado_gravity_accel	common
0x0a1c	f32	tornado_gravity_stable_speed	common
0x0a20	f32	pipe_scale	common
0x0a24	u32	pipe_scale_frame	common
0x0a28	f32	dolly_stage_dead_effect_scale	common
0x0a2c	f32	dolly_stage_disable_wall_crash_degree	common
0x0a30	f32	dolly_stage_disable_wall_crash_speed_x	common
0x0a34	f32	dolly_stage_wall_crash_speed_x	common
0x0a38	f32	dolly_stage_wall_crash_damage_min	common
0x0a3c	f32	dolly_stage_wall_crash_damage_max	common
0x0a40	f32	dolly_stage_wall_crash_damage_mul_min	common
0x0a44	f32	dolly_stage_wall_crash_damage_mul_max	common
0x0a48	f32	dolly_stage_wall_crash_weight_min	common
0x0a4c	f32	dolly_stage_wall_crash_weight_max	common
0x0a50	f32	dolly_stage_wall_crash_weight_mul_min	common
0x0a54	f32	dolly_stage_wall_crash_weight_mul_max	common
0x0a58	f32	dolly_stage_wall_effect_min_rate	common
0x0a5c	f32	dolly_stage_wall_effect_middle_rate	common
0x0a60	u32	dolly_stage_wall_effect_max_slow_rate	common
0x0a64	u32	dolly_stage_wall_effect_max_slow_frame	common
0x0a68	u32	dolly_stage_lr_dead_wait_frame	common
0x0a6c	u32	dolly_stage_disable_remain_frame	common
0x0a70	f32	dolly_stage_wall_break_speed_x_min	common
0x0a78	hash40	dolly_stage_wall_dead_quake_1_on_1	common
0x0a80	hash40	dolly_stage_wall_dead_quake	common
0x0a88	hash40	dolly_stage_wall_dead_quake_finish	common
0x0a90	f32	dolly_stage_wall_init_speed	common
0x0a94	f32	dolly_stage_wall_accel	common
0x0a98	f32	dolly_stage_wall_limit_speed	common
0x0a9c	f32	dolly_stage_wall_motion_rate	common
0x0aa0	f32	dolly_stage_wall_accel_after	common
0x0aa4	f32	dolly_stage_wall_limit_speed_after	common
0x0aa8	u32	dolly_stage_performance_frame	common
0x0aac	f32	dolly_stage_slow_rate	common
0x0ab0	u32	dolly_stage_slow_frame	common
0x0ab4	f32	dolly_stage_zoom_rate	common
0x0ab8	u32	dolly_stage_zoom_in_frame	common
0x0abc	f32	dolly_stage_camera_offset_x	common
0x0ac0	f32	dolly_stage_camera_offset_y	common
0x0ac4	u32	dolly_stage_critical_1_on_1	common
0x0ac8	u32	dolly_stage_finish_hit_stop_frame	common
0x0acc	f32	dolly_stage_finish_zoom_rate	common
0x0ad0	f32	dolly_stage_finish_camera_offset_x	common
0x0ad4	f32	dolly_stage_finish_camera_offset_y	common
0x0ad8	u32	dolly_stage_other_stop_frame_1_on_1	common
0x0adc	u32	dolly_stage_shake_frame_1_on_1	common
0x0ae0	hash40	dolly_stage_shake_kind_1_on_1	common
0x0ae8	u32	dolly_stage_other_stop_frame	common
0x0aec	u32	dolly_stage_shake_frame	common
0x0af0	hash40	dolly_stage_shake_kind	common
0x0af8	u32	dolly_stage_shake_frame_after_stop	common
0x0b00	hash40	dolly_stage_shake_kind_after_stop	common
0x0b08	u32	unk_299d40d0e4	common
0x0b0c	u32	unk_2432db3f21	common
0x0b10	f32	unk_2ab1f047fe	common
0x0b14	f32	unk_2280060bab	common
0x0b18	u32	hp_battle_damage_reaction	common
0x0b1c	u32	hp_battle_knockout_reaction	common
0x0b20	u32	hp_battle_knockout_slow_mag	common
0x0b24	u32	hp_battle_knockout_slow_frame	common
0x0b28	u32	hp_battle_knockout_dead_frame	common
0x0b2c	u32	unk_20104fc69e	common
0x0b30	u32	unk_299c29178b	common
0x0b34	f32	team_attack_shot_rate	common
0x0b38	f32	team_attack_heal_rate	common
0x0b3c	f32	charge_final_add_gauge_by_time	common
0x0b40	f32	charge_final_add_gauge_by_attack	common
0x0b44	f32	charge_final_add_gauge_by_damage_mul	common
0x0b48	f32	charge_final_add_gauge_by_attack_mul	common
0x0b4c	f32	charge_final_add_gauge_by_time_mul	common
0x0b50	u32	charge_final_gauge_decrease_start_frame	common
0x0b54	u32	charge_final_remove_frame	common
0x0b70	f32	unk_2d073b8b11	common
0x0b74	f32	unk_2d2bae85ee	common
0x0b78	f32	unk_2b0de64f73	common
0x0b7c	f32	unk_223f5d53c2	common
0x0b80	f32	unk_2203506c9b	common
0x0b84	f32	unk_232ccb683f	common
0x0b88	f32	unk_2212ae242a	common
0x0b8c	f32	unk_222ea31b73	common
0x0b90	f32	unk_3346e488ff	common
0x0b94	f32	unk_337ae9b7a6	common
0x0b98	f32	unk_33fe2103c5	common
0x0b9c	f32	unk_33c22c3c9c	common
0x0ba0	f32	handi_boost_max	common
0x0ba4	f32	handi_boost_base_player_num	common
0x0ba8	f32	handi_boost_correct_player_max	common
0x0bac	f32	handi_boost_correct_player_min	common
0x0bb0	u32	handi_boost_start_time	common
0x0bb4	u32	handi_boost_each_time	common
0x0bb8	f32	handi_boost_correct_time_add	common
0x0bbc	f32	handi_boost_correct_time_max	common
0x0bc0	f32	handi_boost_attack_reaction_mul	common
0x0bc4	f32	handi_boost_attack_damage_mul	common
0x0bc8	f32	handi_boost_defense_mul	common
0x0bcc	f32	handi_boost_min	common
0x0bd0	f32	handi_boost_attack_reaction_mul_max	common
0x0bd4	f32	handi_boost_attack_damage_mul_max	common
0x0bd8	f32	handi_boost_defense_mul_max	common
0x0bdc	f32	unk_3801d6748a	common
0x0be0	f32	ground_speed_x_limit	common
0x0be4	f32	common_air_speed_x_limit	common
0x0be8	f32	air_speed_up_limit	common
0x0bec	f32	air_speed_down_limit	common
0x0bf0	f32	power_up_attack_limit	common
0x0bf4	u32	power_up_point_max	common
0x0bf8	u32	power_up_point_min	common
0x0bfc	f32	squat_b_stick_x_min	common
0x0c00	f32	squat_b_stick_x_max	common
0x0c04	f32	fall_stick_x	common
0x0c08	f32	cliff_climb_stick	common
0x0c0c	f32	unk_25b62d6370	common
0x0c10	f32	dead_down_damage_check_bottom	common
0x0c14	u32	bitten_flick_frame	common
0x0c18	f32	shield_size	common
0x0c1c	u32	throw_invincible_frame	common
0x0c20	f32	damage_motion_rate	common
0x0c24	u32	passive_wall_xlu_frame	common
0x0c28	f32	cliff_back_range_x_mul	common
0x0c2c	f32	capture_landing_offset	common
0x0c30	f32	damage_reaction_fix_mul	common
0x0c34	f32	escape_air_brake	common
0x0c38	f32	bury_damage_reaction_mul	common
0x0c3c	f32	bury_damage_pit_fall_reaction_mul	common
0x0c40	f32	smash_hold_reaction_mul	common
0x0c44	f32	run_brake_stop_speed	common
0x0c48	f32	walk_accel_mul	common
0x0c4c	f32	run_accel_mul	common
0x0c50	u32	run_brake_dash_frame	common
0x0c54	u32	run_brake_attack_escape_frame	common
0x0c58	f32	dash_s4_frame_easy	common
0x0c5c	f32	dash_s4_frame_hard	common
0x0c60	u32	attack_hi4_flick_y_easy	common
0x0c64	u32	attack_hi4_flick_y_hard	common
0x0c68	u32	attack_lw4_flick_y_easy	common
0x0c6c	u32	attack_lw4_flick_y_hard	common
0x0c88	u32	escape_penalty_frame	common
0x0c8c	u32	escape_penalty_max_count	common
0x0c90	u32	escape_penalty_recovry_frame	common
0x0c94	f32	escape_penalty_motion_rate	common
0x0c98	f32	escape_f_penalty_motion_rate	common
0x0c9c	f32	escape_b_penalty_motion_rate	common
0x0ca0	f32	escape_air_penalty_motion_rate	common
0x0ca4	f32	invalid_paralyze_frame	common
0x0cb0	u32	item_throw_4_flick	item
0x0cb4	u32	item_air_throw_4_flick	item
0x0cb8	u32	item_catch_frame_attack_dash	item
0x0cbc	u32	item_catch_frame_attack_3	item
0x0cc0	u32	item_air_catch_frame	item
0x0cc4	u32	item_air_catch_frame_escape	item
0x0cc8	u32	item_no_air_catch_frame	item
0x0ccc	u32	damage_drop_item	item
0x0cd0	u32	damage_drop_item_empty	item
0x0cd4	u32	escape_throw_item_frame	item
0x0cd8	f32	escape_throw_item_brake_mul	item
0x0cdc	u32	run_to_dash_item_frame	item
0x0ce0	f32	param_heavy_get_rate_mul	item
0x0ce4	f32	param_heavy_throw_rate	item
0x0ce8	f32	item_lift_walk_stick_x	item
0x0cec	f32	item_lift_turn_stick_x	item
0x0d08	f32	grass_speed_x	item
0x0d0c	f32	unk_1c232fb9c7	item
0x0d10	f32	unk_1c0f017a6a	item
0x0d14	u32	gekikara_frame	item
0x0d18	f32	gekikara_motion_rate	item
0x0d1c	f32	gekikara_fire_shoot_angle	item
0x0d20	u32	gekikara_fire_shoot_interval	item
0x0d24	f32	gekikara_fire_shoot_angle_speed	item
0x0d28	f32	gekikara_fire_shoot_angle_min	item
0x0d2c	f32	gekikara_fire_shoot_angle_max	item
0x0d30	u32	unk_208447b98a	item
0x0d34	u32	super_star_frame	item
0x0d38	u32	unk_19199ce43a	item
0x0d3c	u32	timer_frame	item
0x0d40	u32	timer_beat_dec_frame	item
0x0d44	u32	timer_slow_mag	item
0x0d48	u32	metal_frame	item
0x0d4c	f32	metal_cancel_damage	item
0x0d50	f32	metal_damage_reaction_sub	item
0x0d54	u32	metal_trans_frame	item
0x0d58	f32	gold_attack_reaction_mul	item
0x0d5c	u32	kinoko_frame	item
0x0d60	u32	kinoko_scale_frame	item
0x0d64	f32	kinoko_bonus_damage	item
0x0d68	u32	kinoko_bonus_max	item
0x0d6c	f32	kinoko_more_giant_scale	item
0x0d70	f32	kinoko_giant_scale	item
0x0d74	f32	kinoko_more_small_scale	item
0x0d78	f32	kinoko_small_scale	item
0x0d7c	f32	kinoko_pitch_big	item
0x0d80	f32	kinoko_pitch_small	item
0x0d84	f32	kinoko_damage_reaction	item
0x0d88	f32	kinoko_attack_power	item
0x0d8c	f32	kinoko_heavy_get_rate	item
0x0d90	u32	thunder_frame	item
0x0d94	u32	thunder_req_pause_count	item
0x0d98	u32	thunder_pause_frame	item
0x0d9c	f32	thunder_more_giant_scale	item
0x0da0	f32	thunder_giant_scale	item
0x0da4	f32	thunder_more_small_scale	item
0x0da8	f32	thunder_small_scale	item
0x0dac	f32	thunder_pitch_big	item
0x0db0	f32	thunder_pitch_small	item
0x0db4	f32	thunder_damage_reaction	item
0x0db8	f32	thunder_attack_power	item
0x0dbc	f32	thunder_heavy_get_rate	item
0x0dc0	u32	spycloak_frame	item
0x0dc4	f32	shoot_back_speed_mul	item
0x0dc8	u32	super_scope_charge_frame_max	item
0x0dcc	u32	super_scope_rapid_add_bullet	item
0x0dd0	u32	fire_flower_shoot_min	item
0x0dd4	u32	fire_flower_shoot_interval_frame	item
0x0dd8	u32	fire_flower_shoot_end_trigger_count	item
0x0ddc	u32	magicpot_shoot_min	item
0x0de0	u32	magicpot_shoot_interval_frame	item
0x0de4	u32	magicpot_shoot_end_trigger_count	item
0x0de8	u32	head_mushroom_life	item
0x0dec	u32	head_mushroom_add_life	item
0x0df0	u32	head_mushroom_reverse	item
0x0df4	u32	head_mushroom_add_reverse	item
0x0df8	f32	head_mushroom_min_scale	item
0x0dfc	f32	head_mushroom_max_scale	item
0x0e00	f32	item_dash_swing_brake_mul	item
0x0e04	f32	smash_hold_attack_up	item
0x0e08	u32	smash_hold_keep_frame	item
0x0e0c	u32	flower_frame	item
0x0e10	f32	flower_damage_add_frame_rate	item
0x0e14	f32	flower_frame_max	item
0x0e18	f32	flower_recovery_frame	item
0x0e1c	f32	flower_clatter_frame	item
0x0e20	u32	flower_damage_interval	item
0x0e24	u32	flower_damage	item
0x0e28	f32	flower_damage_add_scale_rate	item
0x0e2c	f32	flower_scale_min	item
0x0e30	f32	flower_scale_max	item
0x0e34	f32	flower_static_scale	item
0x0e38	u32	hammer_frame	item
0x0e3c	u32	hammer_landing_frame	item
0x0e40	u32	hammer_throw_frame	item
0x0e44	u32	hammer_end_flash_frame	item
0x0e48	u32	hammer_end_blink_frame	item
0x0e4c	u32	golden_hammer_frame	item
0x0e50	u32	golden_hammer_hande_frame	item
0x0e54	u32	golden_hammer_beat_dec_frame	item
0x0e58	u32	golden_hammer_end_flash_frame	item
0x0e5c	u32	golden_hammer_end_blink_frame	item
0x0e60	u32	golden_hammer_drift_frame	item
0x0e64	u32	unk_20e1a44c21	item
0x0e68	u32	deathscythe_performance_frame	item
0x0e6c	f32	deathscythe_slow_rate	item
0x0e70	f32	deathscythe_zoom_rate	item
0x0e74	u32	deathscythe_zoom_in_frame	item
0x0e78	f32	deathscythe_camera_offset_x	item
0x0e7c	f32	deathscythe_camera_offset_y	item
0x0e80	u32	homerunbat_critical_frame	item
0x0e84	u32	homerunbat_critical_slow_rate	item
0x0e88	f32	homerunbat_critical_zoom_rate	item
0x0e8c	u32	homerunbat_critical_zoom_in_frame	item
0x0e90	f32	homerunbat_critical_camera_offset_x	item
0x0e94	f32	homerunbat_critical_camera_offset_y	item
0x0e98	u32	homerunbat_critical_1_on_1	item
0x0e9c	u32	homerunbat_critical_bg_only_frame	item
0x0ea0	f32	unk_19db1ab4e5	item
0x0ea4	f32	unk_17d6892aac	item
0x0ea8	f32	unk_1b14c0f19a	item
0x0eac	f32	pit_fall_speed	item
0x0eb0	f32	pit_fall_accel	item
0x0eb4	f32	pit_fall_speed_max	item
0x0eb8	f32	spring_jump_speed_y_mul	item
0x0ebc	u32	spring_no_frame	item
0x0ec0	u32	beetle_capture_cut_frame	item
0x0ec4	f32	beetle_capture_cut_frame_damage	item
0x0ec8	f32	beetle_capture_recovery	item
0x0ecc	f32	beetle_capture_clatter_frame	item
0x0ed0	f32	beetle_capture_cut_speed_x	item
0x0ed4	f32	beetle_capture_cut_speed_y	item
0x0ed8	f32	beetle_capture_cut_speed_y_mul	item
0x0edc	u32	bossgalaga_capture_cut_frame	item
0x0ee0	f32	bossgalaga_capture_cut_frame_damage	item
0x0ee4	f32	bossgalaga_capture_recovery	item
0x0ee8	f32	bossgalaga_capture_clatter_frame	item
0x0eec	f32	bossgalaga_capture_cut_attack_power	item
0x0ef0	f32	bossgalaga_capture_cut_damage	item
0x0ef4	f32	bossgalaga_capture_cut_speed_x	item
0x0ef8	f32	bossgalaga_capture_cut_speed_y	item
0x0efc	u32	unk_23b69a090f	item
0x0f00	f32	badge_reflector_attack_limit	item
0x0f04	u32	badge_reflector_stop_frame	item
0x0f08	f32	badge_reflector_attack_mul	item
0x0f0c	f32	badge_reflector_speed_mul	item
0x0f10	f32	badge_reflector_life_mul	item
0x0f14	f32	screw_jump_speed_y_mul	item
0x0f18	u32	rocketbelt_start_frame	item
0x0f1c	f32	rocketbelt_start_speed_y	item
0x0f20	f32	unk_1e8d8cb342	item
0x0f24	f32	unk_1efa8b83d4	item
0x0f28	f32	rocketbelt_blow_accel_y	item
0x0f2c	f32	rocketbelt_up_speed_limit	item
0x0f30	f32	rocketbelt_up_power_limit_power	item
0x0f34	f32	rocketbelt_speed_max_y	item
0x0f38	f32	rocketbelt_hovering_accel_x	item
0x0f3c	f32	rocketbelt_hovering_speed_max_x	item
0x0f40	f32	rocketbelt_hovering_accel_y	item
0x0f44	f32	rocketbelt_hovering_speed_max_y	item
0x0f48	f32	unk_2672a0703c	item
0x0f4c	f32	rocketbelt_energy_max_frame	item
0x0f50	f32	rocketbelt_recovery_energy	item
0x0f54	f32	unk_2190c4a2fe	item
0x0f58	f32	unk_1b4b9e79d4	item
0x0f5c	f32	rocketbelt_hop_speed_x	item
0x0f60	f32	rocketbelt_hop_speed_y	item
0x0f64	u32	superleaf_stop_frame	item
0x0f68	f32	superleaf_fall_limit_speed	item
0x0f6c	u32	superleaf_fall_slowly_frame	item
0x0f70	u32	damage_drop_dragoon	item
0x0f74	u32	damage_drop_dragoon_handicap	item
0x0f78	f32	damage_drop_dragoon_angle	item
0x0f7c	f32	damage_drop_dragoon_speed	item
0x0f80	u32	dragoon_invincible_frame	item
0x0f84	u32	damage_drop_genesis	item
0x0f88	u32	damage_drop_genesis_handicap	item
0x0f8c	f32	damage_drop_genesis_angle	item
0x0f90	f32	damage_drop_genesis_speed	item
0x0f94	u32	genesis_shoot_frame	item
0x0f98	f32	genesis_drop_angle	item
0x0f9c	f32	genesis_drop_speed	item
0x0fa0	f32	killer_jump_speed_x	item
0x0fa4	f32	killer_jump_speed_y	item
0x0fa8	u32	beitcrane_capture_cut_frame	item
0x0fac	f32	beitcrane_capture_cut_frame_damage	item
0x0fb0	f32	beitcrane_capture_recovery	item
0x0fb4	f32	beitcrane_capture_clatter_frame	item
0x0fb8	f32	beitcrane_capture_cut_attack_power	item
0x0fbc	f32	beitcrane_capture_cut_damage	item
0x0fc0	f32	beitcrane_capture_cut_speed_x	item
0x0fc4	f32	beitcrane_capture_cut_speed_y	item
0x0fc8	u32	riki_power_up_frame	item
0x0fcc	f32	riki_attack_reaction_mul	item
0x0fd0	f32	kozukata_recovery	item
0x0fd4	f32	kozukata_clatter_frame	item
0x0fd8	f32	item_dash_throw_brake_mul	item
0x0fdc	u32	item_dash_throw_brake_dec_frame	item
0x0fe0	f32	item_dash_throw_brake_dec	item
0x0fe4	f32	unk_19e71d5468	item
0x0fe8	f32	shoot_jump_speed_y_mul	item
0x0fec	u32	shoot_pass_flick_y	item
0x1088	f32	attack_hit_rumble_add	etc
0x108c	f32	attack_hit_rumble_mul	etc
0x1090	f32	damage_rumble_add	etc
0x1094	f32	damage_rumble_mul	etc
0x1098	f32	damage_rumble_lv2	etc
0x109c	f32	damage_rumble_lv3	etc
0x10a0	f32	damage_rumble_lv4	etc
0x10a4	f32	damage_rumble_lv5	etc
0x10a8	u32	dead_rumble_frame	etc
0x10ac	u32	dead_other_rumble_frame	etc
0x10b0	f32	cursor_fly_speed	etc
0x10b4	u32	cursor_fly_frame	etc
0x10b8	u32	cursor_wait_frame	etc
0x10bc	f32	cursor_disp_camera_distance	etc
0x10c0	f32	barrel_cursor_offset_y	etc
0x10c4	u32	dead_up_star_move_frame	etc
0x10c8	f32	dead_up_star_scale	etc
0x10cc	f32	dead_up_star_end_scale	etc
0x10d0	f32	dead_up_star_z_length	etc
0x10d4	f32	dead_up_star_fall_point	etc
0x10d8	f32	dead_up_star_motion_rate	etc
0x10dc	f32	dead_up_star_rot_y	etc
0x10e0	bool	dead_up_star_motion_reverse	etc
0x10e4	u32	dead_up_star_rumble_frame	etc
0x10e8	u32	dead_up_fall_move_frame	etc
0x10ec	u32	dead_up_fall_hit_camera_stop_frame	etc
0x10f0	u32	dead_up_fall_fall_frame	etc
0x10f4	f32	dead_up_fall_move_rotate_x_angle	etc
0x10f8	f32	dead_up_fall_start_camera_offset_x	etc
0x10fc	f32	dead_up_fall_start_camera_offset_y	etc
0x1100	f32	dead_up_fall_start_camera_offset_z	etc
0x1104	f32	dead_up_fall_end_camera_offset_x	etc
0x1108	f32	dead_up_fall_end_camera_offset_y	etc
0x110c	f32	dead_up_fall_end_camera_offset_z	etc
0x1110	f32	dead_up_fall_jump_accel_y	etc
0x1114	f32	dead_up_fall_air_y_speed_max	etc
0x1130	u32	dead_up_fall_koopa_move_frame	etc
0x1134	f32	dead_up_fall_koopa_move_rotate_x_angle	etc
0x1138	u32	dead_up_galaga_move_frame	etc
0x113c	f32	dead_up_galaga_z_length	etc
0x1140	f32	dead_up_galaga_fall_point	etc
0x1144	f32	dead_up_galaga_motion_rate	etc
0x1148	f32	dead_up_galaga_radius	etc
0x114c	f32	dead_up_galaga_speed_deg	etc
0x1150	f32	dead_up_galaga_galaga_offset_y	etc
0x1154	f32	unk_16f4a4d634	etc
0x1158	f32	unk_16d876058d	etc
0x115c	u32	damage_model_total_frame	etc
0x1160	u32	unk_278b454cab	etc
0x1164	f32	damage_model_thorn_mul_min_damage	etc
0x1168	f32	damage_model_thorn_mul_max_damage	etc
0x116c	f32	damage_model_thorn_mul_min	etc
0x1170	f32	damage_model_thorn_mul_max	etc
0x1190	u32	finish_camera_interval_frame	etc
0x1194	u32	finish_camera_frame_min	etc
0x1198	f32	finish_camera_attacker_slow_mul	etc
0x119c	u32	finish_camera_frame	etc
0x11a0	f32	finish_camera_slow_mul	etc
0x11a4	u32	finish_camera_zoom_frame	etc
0x11a8	u32	finish_camera_zoom_cancel_frame	etc
0x11ac	f32	finish_camera_zoom_end_camera_angle	etc
0x11b0	f32	finish_camera_zoom_camera_random_angle	etc
0x11b4	u32	finish_camera_end_slow_frame	etc
0x11b8	u32	finish_camera_end_slow_mul	etc
0x11bc	u32	finish_camera_bgm_down_frame	etc
0x11c0	u32	finish_camera_bgm_revert_frame	etc
0x11c4	u32	finish_camera_bgm_up_frame	etc
0x11c8	f32	finish_camera_near_clip	etc
0x11cc	f32	unk_2028e03755	etc
0x11d0	u32	finish_camera_remain_frame	etc
0x1208	f32	unk_21d801127f	etc
0x1228	f32	unk_21ed8c625d	etc
0x122c	f32	unk_1e8bab3c10	etc
0x1230	f32	unk_24d5a690d2	etc
0x1234	f32	critical_hit_camera_zoom_rate	etc
0x1238	hash40	critical_hit_camera_quake	etc
0x1240	hash40	critical_hit_camera_quake_3	etc
0x1248	u32	critical_hit_camera_quake_frame	etc
0x124c	u32	critical_hit_camera_quake_frame_3	etc
0x1250	u32	critical_hit_camera_bgm_down_frame	etc
0x1254	u32	critical_hit_camera_bgm_revert_frame	etc
0x1258	u32	critical_hit_camera_bgm_up_frame	etc
0x125c	u32	unk_22315425f9	etc
0x1260	u32	unk_1ead8bf0dd	etc
0x1264	f32	area_wind_speed_mul	etc
0x1268	f32	area_wind_amplitude_mul	etc
0x126c	f32	unk_21c8349171	etc
0x1270	u32	unk_224971c36a	etc
0x1274	u32	unk_19cc0a2c29	etc
0x1278	f32	unk_1c3314c55b	etc
0x127c	f32	unk_2280cdc3ab	etc
0x1280	u32	unk_25e1e19dc4	etc
0x1284	u32	unk_25c40d2964	etc
0x1288	f32	unk_1eca32a5e2	etc
0x128c	f32	unk_257b76ea6e	etc
0x1290	f32	unk_25f1f60490	etc
0x1294	f32	unk_21bd9605bd	etc
0x1298	f32	unk_27feb2f14b	etc
0x129c	u32	unk_26a638e840	etc
0x12a0	u32	unk_2cc1b1b0db	etc
0x12a4	u32	unk_29ffcbaf67	etc
0x12a8	u32	unk_2156ee8e68	etc
0x12ac	u32	unk_2201b4e82f	etc
0x12b0	u32	unk_247fda6519	etc
0x12b4	u32	unk_20849f1790	etc
0x1330	f32	dead_up_fall_jump_speed_y	etc
0x1334	f32	dead_up_fall_air_z_speed	etc
0x1338	u32	dead_up_fall_stand_by_frame	etc
0x133c	u32	dead_up_star_start_frame	etc
0x1340	u32	dead_up_galaga_start_frame	etc
0x1354	f32	fly_speed_y_mul	power_up
0x136c	f32	power_up_special_s	power_up
0x1370	f32	power_up_special_hi	power_up
0x1374	f32	power_up_special_lw	power_up
0x1378	f32	power_up_item	power_up
0x137c	f32	power_up_defense	power_up
0x1380	f32	power_attack_1	power_up
0x1384	f32	power_attack_3	power_up
0x1388	f32	power_attack_dash	power_up
0x138c	f32	power_attack_air	power_up
0x1390	f32	power_attack_cliff	power_up
0x1394	f32	power_attack_down_stand	power_up
0x1398	f32	power_attack_4	power_up
0x139c	f32	attack_4_hold_frame	power_up
0x13a0	f32	power_special_n	power_up
0x13a4	f32	power_special_hi	power_up
0x13a8	f32	power_special_s	power_up
0x13ac	f32	power_special_lw	power_up
0x13b0	f32	power_final	power_up
0x13b4	f32	power_special_attr	power_up
0x13b8	f32	power_attack_meteor	power_up
0x13bc	f32	power_attack_upper	power_up
0x13c0	f32	power_shoot	power_up
0x13c4	f32	shoot_bullet_life	power_up
0x13c8	f32	item_heal	power_up
0x13cc	f32	item_heal_tabemono	power_up
0x13d0	f32	item_attack_power	power_up
0x13d4	f32	item_shoot_power	power_up
0x13d8	f32	item_attack_dash_power	power_up
0x13dc	f32	item_assist_power	power_up
0x13e0	f32	item_pokemon_power	power_up
0x13e4	f32	item_etc_power	power_up
0x13e8	f32	item_state_frame	power_up
0x13ec	f32	item_equipment_frame	power_up
0x13f0	f32	attack_drop_item	power_up
0x13f8	f32	catch_frame	power_up
0x13fc	f32	catch_attack_power	power_up
0x1400	f32	catch_range	power_up
0x1404	f32	throw_attack_power	power_up
0x1408	f32	defense	power_up
0x140c	f32	shield_frame	power_up
0x1410	f32	shield_recovery	power_up
0x1414	f32	shield_scale	power_up
0x1418	f32	shield_max_mul	power_up
0x141c	f32	sub_shield_mul	power_up
0x1424	f32	just_shield_check_frame	power_up
0x1428	f32	escape_invincible_frame	power_up
0x142c	f32	cliff_hang_scale	power_up
0x1430	f32	cliff_hang_wait_frame	power_up
0x1434	f32	cliff_hang_invincible_frame	power_up
0x143c	f32	unk_1583f01775	power_up
0x1440	f32	smashball_drop_rate	power_up
0x1444	f32	smashball_attack_mul	power_up
0x1448	f32	unk_1c86f38a0c	power_up
0x144c	f32	item_shoot_bullet	power_up
0x1450	f32	item_throw_power_speed_mul	power_up
0x1454	f32	attack_power_mul_attr_fire	power_up
0x1458	f32	attack_power_mul_attr_elec	power_up
0x145c	f32	attack_power_mul_attr_magic	power_up
0x1460	f32	attack_power_mul_attr_purple	power_up
0x1464	f32	attack_power_mul_attr_water	power_up
0x1468	f32	attack_power_mul_attr_ice	power_up
0x146c	f32	attack_power_mul_attr_cutup	power_up
0x1470	f32	attack_power_mul_attr_sting	power_up
0x1474	f32	attack_power_mul_attr_pierce	power_up
0x1478	f32	attack_power_mul_attr_aura	power_up
0x147c	f32	attack_power_mul_region_head	power_up
0x1480	f32	attack_power_mul_region_body	power_up
0x1484	f32	attack_power_mul_region_hip	power_up
0x1488	f32	attack_power_mul_region_punch	power_up
0x148c	f32	attack_power_mul_region_elbow	power_up
0x1490	f32	attack_power_mul_region_kick	power_up
0x1494	f32	attack_power_mul_region_knee	power_up
0x1498	f32	attack_power_mul_region_throw	power_up
0x149c	f32	attack_power_mul_region_object	power_up
0x14a0	f32	attack_power_mul_region_sword	power_up
0x14a4	f32	attack_power_mul_region_hammer	power_up
0x14a8	f32	attack_power_mul_region_bomb	power_up
0x14ac	f32	attack_power_mul_region_spin	power_up
0x14b0	f32	attack_power_mul_region_bite	power_up
0x14b4	f32	attack_power_mul_region_magic	power_up
0x14b8	f32	attack_power_mul_region_psi	power_up
0x14bc	f32	attack_power_mul_region_palutena	power_up
0x14c0	f32	attack_power_mul_region_bat	power_up
0x14c4	f32	attack_power_mul_region_parasol	power_up
0x14c8	f32	attack_power_mul_region_pikmin	power_up
0x14cc	f32	attack_power_mul_region_whip	power_up
0x14d0	f32	attack_power_mul_region_tail	power_up
0x14d4	f32	attack_power_mul_region_energy	power_up
0x14d8	f32	damage_mul_attack_attr_cutup	power_up
0x14dc	f32	damage_mul_attack_attr_fire	power_up
0x14e0	f32	damage_mul_attack_attr_purple	power_up
0x14e4	f32	damage_mul_attack_attr_elec	power_up
0x14e8	f32	damage_mul_attack_attr_ice	power_up
0x14ec	f32	damage_mul_attack_attr_water	power_up
0x14f0	f32	damage_mul_attack_attr_magic	power_up
0x14f4	f32	damage_mul_attack_attr_aura	power_up
0x14f8	f32	damage_mul_attack_region_psi	power_up
0x14fc	f32	damage_mul_attack_region_magic	power_up
0x1500	f32	damage_mul_attack_region_bomb	power_up
0x1504	f32	damage_mul_attack_region_energy	power_up
0x1508	f32	damage_mul_attack_region_object	power_up
0x150c	f32	damage_mul_attack_region_sword	power_up
0x1510	f32	damage_mul_attack_region_hammer	power_up
0x1514	f32	damage_mul_attack_region_palutena	power_up
0x1518	f32	damage_mul_attack_region_bat	power_up
0x151c	f32	damage_mul_attack_region_parasol	power_up
0x1520	f32	damage_mul_attack_region_pikmin	power_up
0x1524	f32	damage_mul_attack_region_whip	power_up
0x1528	f32	escape_air_slide_distance_mul	power_up
0x152c	f32	reflector_attack_limit_mul	power_up
0x1530	f32	power_special_n_ground	power_up
0x1534	f32	power_special_hi_ground	power_up
0x1538	f32	power_special_s_ground	power_up
0x153c	f32	power_special_lw_ground	power_up
0x1540	f32	power_special_attr_ground	power_up
0x1544	f32	power_special_n_air	power_up
0x1548	f32	power_special_hi_air	power_up
0x154c	f32	power_special_s_air	power_up
0x1550	f32	power_special_lw_air	power_up
0x1554	f32	power_special_attr_air	power_up
0x1568	f32	shield_break_y_enhance	power_up
0x156c	f32	passive_trigger_frame_mul	power_up
0x1570	f32	attack_power_mul_for_assist	power_up
0x157c	f32	damage_speed_mul	power_up
0x1580	f32	support_skill_wind_half	power_up
0x1584	f32	support_skill_poison_half	power_up
0x1588	f32	support_skill_damage_floor_half	power_up
0x158c	f32	special_landing_frame_mul	power_up
0x1590	f32	squat_walk_speed_max_mul	power_up
0x1594	f32	unk_237d6a80d4	power_up
0x1598	f32	charge_final_plus_add_gauge_by_attack	power_up
0x159c	f32	unk_326c217b42	power_up
0x15a0	f32	unk_301dc49637	power_up
0x1640	f32	unk_26735fa8d7	effect
0x1644	f32	unk_320c420844	effect
0x1648	u32	unk_1effa1da65	effect
0x164c	f32	falling_smoke_speed_y_threshold	effect
0x1650	f32	unk_1574ddf21c	effect
0x1654	f32	color_blend_camera_depth_max	effect
0x1658	f32	color_blend_camera_depth_min	effect
0x165c	f32	color_blend_camera_depth_max_ortho	effect
0x1660	f32	color_blend_camera_depth_min_ortho	effect
0x1664	f32	unk_1ba8573f9a	effect
0x1668	f32	unk_1b5b1a7a93	effect
0x166c	f32	unk_27db369216	effect
0x1670	f32	unk_2725bf6e65	effect
0x1674	f32	unk_254d5ba956	effect
0x1678	f32	unk_2b76314edd	effect
0x167c	u32	unk_17f46fbb77	effect
0x168c	u32	bio_disp_prob	effect
0x1690	u32	kikai_disp_prob	effect
0x1694	f32	fly_effect_smoke_speed	effect
0x1698	f32	fly_effect_smoke_life_max_reaction_frame	effect
0x169c	f32	fly_effect_smoke_life_min_rate	effect
0x16a0	f32	unk_2989aa9e9e	effect
0x16a4	f32	fly_effect_aura_speed	effect
0x16a8	u32	fly_effect_aura_frame	effect
0x16ac	f32	fly_effect_aura_length	effect
0x16b0	f32	vector_adjust_effect_speed	effect
0x16b4	f32	vector_adjust_effect_angle	effect
0x16b8	f32	vector_adjust_effect_angle_per_frame	effect
0x16bc	f32	vector_adjust_effect_remove_reaction_frame_mul	effect
0x16c0	u32	vector_adjust_effect_remove_frame	effect
0x16c4	f32	dead_effect_slant_scale	effect
0x16c8	f32	damage_flash_screen_reaction	effect
0x1720	u32	damage_song_fall_effect_interval	effect
0x1724	u32	damage_song_effect_interval	effect
0x18b8	f32	effect_line_critical_hit_end_frame	effect
0x18bc	f32	effect_line_critical_hit_fade_frame	effect
0x18c0	f32	effect_line_critical_hit_end_frame_3	effect
0x18c4	f32	effect_line_critical_hit_fade_frame_3	effect
0x18c8	f32	effect_line_finish_hit_hp_end_frame	effect
0x18cc	f32	effect_line_finish_hit_hp_fade_frame	effect
0x1a70	f32	damage_fly_se_dist_s	sound
0x1a74	f32	damage_fly_se_threshold_m	sound
0x1a78	f32	damage_fly_se_dist_m	sound
0x1a7c	f32	damage_fly_se_threshold_l	sound
0x1a80	f32	damage_fly_se_dist_l	sound
0x1a84	f32	damage_fly_se_threshold_voice	sound
0x1a88	u32	unk_258ec5c650	sound
